OrigOrder,PriorityOrder,Airport_Code,Airport Name,City,State_Code,Latitude,Longitude,Elevation_FT,Tower Freq,Runway,RwyHdg,TDZE,VasiGS,VasiBoxLat,VasiBoxLong,NwLat,NwLong,NeLat,NeLong,SwLat,SwLong,SeLat,SeLong,CenterLat,CenterLong
11370,1,GFK,GRAND FORKS INTL,GRAND FORKS,ND,47.947267,-97.173781,845,118.4,35L,360,845,2.76,47.942622,-97.18124,47.959244,-97.181527,47.959243,-97.180917,47.939094,-97.181546,47.939097,-97.180931,47.9491695,-97.18123025
11370,1,GFK,GRAND FORKS INTL,GRAND FORKS,ND,47.947267,-97.173781,845,118.4,35R,360,845,3,47.941747,-97.166219,47.951347,-97.166356,47.951347,-97.166056,47.940658,-97.166372,47.940657,-97.166071,47.94600225,-97.16621375
11370,1,GFK,GRAND FORKS INTL,GRAND FORKS,ND,47.947267,-97.173781,845,118.4,17R,180,843,3,47.956334,-97.181225,47.959244,-97.181527,47.959243,-97.180917,47.939094,-97.181546,47.939097,-97.180931,47.9491695,-97.18123025
11370,1,GFK,GRAND FORKS INTL,GRAND FORKS,ND,47.947267,-97.173781,845,118.4,17L,180,845,3,47.95025,-97.16621,47.951347,-97.166356,47.951347,-97.166056,47.940658,-97.166372,47.940657,-97.166071,47.94600225,-97.16621375
11370,1,GFK,GRAND FORKS INTL,GRAND FORKS,ND,47.947267,-97.173781,845,118.4,27R,270,843,3,,,47.952524,-97.18492,47.952526,-97.16776,47.952259,-97.18492,47.952256,-97.167764,47.95239125,-97.176341
11370,1,GFK,GRAND FORKS INTL,GRAND FORKS,ND,47.947267,-97.173781,845,118.4,27L,270,845,3,47.937986,-97.157913,47.938072,-97.169589,47.938064,-97.156128,47.937914,-97.169588,47.937905,-97.15613,47.93798875,-97.16285875
11370,1,GFK,GRAND FORKS INTL,GRAND FORKS,ND,47.947267,-97.173781,845,118.4,9R,90,845,3,47.937992,-97.167803,47.938072,-97.169589,47.938064,-97.156128,47.937914,-97.169588,47.937905,-97.15613,47.93798875,-97.16285875
11370,1,GFK,GRAND FORKS INTL,GRAND FORKS,ND,47.947267,-97.173781,845,118.4,9L,90,843,3,47.95239,-97.181863,47.952524,-97.18492,47.952526,-97.16776,47.952259,-97.18492,47.952256,-97.167764,47.95239125,-97.176341
10551,2,D37,WARREN MUNI,WARREN,MN,48.186667,-96.716667,880,122.8,30,310,888,NA,NA,NA,48.19329,-96.71509,48.193444,-96.714892,48.187966,-96.705764,48.188119,-96.70556,48.19070475,-96.7103265
10551,2,D37,WARREN MUNI,WARREN,MN,48.186667,-96.716667,880,122.8,12,130,888,NA,NA,NA,48.19329,-96.71509,48.193444,-96.714892,48.187966,-96.705764,48.188119,-96.70556,48.19070475,-96.7103265
10551,2,D37,WARREN MUNI,WARREN,MN,48.186667,-96.716667,880,122.8,22,228,888,NA,NA,NA,48.189324,-96.71635,48.19409,-96.708467,48.188955,-96.715742,48.193693,-96.707894,48.1915155,-96.71211325
10551,2,D37,WARREN MUNI,WARREN,MN,48.186667,-96.716667,880,122.8,4,48,888,NA,NA,NA,48.189324,-96.71635,48.19409,-96.708467,48.188955,-96.715742,48.193693,-96.707894,48.1915155,-96.71211325
15418,3,TVF,THIEF RIVER FALLS REGIONAL,THIEF RIVER FALLS,MN,48.065667,-96.185,1119,122.8,13,135,1115,3,48.069535,-96.191225,48.070813,-96.193591,48.071106,-96.193146,48.058252,-96.174702,48.05855,-96.174279,48.06468025,-96.1839295
15418,3,TVF,THIEF RIVER FALLS REGIONAL,THIEF RIVER FALLS,MN,48.065667,-96.185,1119,122.8,31,315,1114,3,48.060423,-96.177544,48.070813,-96.193591,48.071106,-96.193146,48.058252,-96.174702,48.05855,-96.174279,48.06468025,-96.1839295
15418,3,TVF,THIEF RIVER FALLS REGIONAL,THIEF RIVER FALLS,MN,48.065667,-96.185,1119,122.8,4,39,1119,3,48.063099,-96.191133,48.061744,-96.192962,48.072356,-96.180062,48.061616,-96.192733,48.072234,-96.17983,48.0669875,-96.18639675
15418,3,TVF,THIEF RIVER FALLS REGIONAL,THIEF RIVER FALLS,MN,48.065667,-96.185,1119,122.8,22,219,1119,3,48.070858,-96.181681,48.061744,-96.192962,48.072356,-96.180062,48.061616,-96.192733,48.072234,-96.17983,48.0669875,-96.18639675
10095,4,CKN,CROOKSTON MUNI KIRKWOOD FLD,CROOKSTON,MN,47.841667,-96.621667,899,122.7,13,135,896,3,47.843206,-96.626753,47.844274,-96.628548,47.844408,-96.62835,47.835951,-96.616173,47.836094,-96.615957,47.84018175,-96.622257
10095,4,CKN,CROOKSTON MUNI KIRKWOOD FLD,CROOKSTON,MN,47.841667,-96.621667,899,122.7,31,315,897,3,47.837501,-96.618255,47.844274,-96.628548,47.844408,-96.62835,47.835951,-96.616173,47.836094,-96.615957,47.84018175,-96.622257
10095,4,CKN,CROOKSTON MUNI KIRKWOOD FLD,CROOKSTON,MN,47.841667,-96.621667,899,122.7,17,180,900,NA,NA,NA,47.845841,-96.622537,47.845844,-96.621754,47.837704,-96.622539,47.837694,-96.621714,47.84177075,-96.622136
10095,4,CKN,CROOKSTON MUNI KIRKWOOD FLD,CROOKSTON,MN,47.841667,-96.621667,899,122.7,35,360,900,NA,NA,NA,47.845841,-96.622537,47.845844,-96.621754,47.837704,-96.622539,47.837694,-96.621714,47.84177075,-96.622136
10095,4,CKN,CROOKSTON MUNI KIRKWOOD FLD,CROOKSTON,MN,47.841667,-96.621667,899,122.7,6,67,900,NA,NA,NA,47.843637,-96.62291,47.845872,-96.615067,47.84314,-96.6226,47.845382,-96.61476,47.84450775,-96.61883425
10095,4,CKN,CROOKSTON MUNI KIRKWOOD FLD,CROOKSTON,MN,47.841667,-96.621667,899,122.7,24,247,900,NA,NA,NA,47.843637,-96.62291,47.845872,-96.615067,47.84314,-96.6226,47.845382,-96.61476,47.84450775,-96.61883425
10589,5,D81,RED LAKE FALLS MUNI,RED LAKE FALLS,MN,47.825,-96.258333,1061,122.9,33,336.23,1061,NA,NA,NA,47.829623,-96.261932,47.829684,-96.261721,47.823332,-96.257823,47.823398,-96.257613,47.82650925,-96.25977225
10589,5,D81,RED LAKE FALLS MUNI,RED LAKE FALLS,MN,47.825,-96.258333,1061,122.9,15,156.23,1061,NA,NA,NA,47.829623,-96.261932,47.829684,-96.261721,47.823332,-96.257823,47.823398,-96.257613,47.82650925,-96.25977225
10533,6,D14,FERTILE MUNI,FERTILE,MN,47.546667,-96.288333,1136,122.8,32,323.93,1135,NA,47.549696,-96.289846,47.555124,-96.295817,47.555221,-96.295636,47.548479,-96.28868,47.548566,-96.288493,47.5518475,-96.2921565
10533,6,D14,FERTILE MUNI,FERTILE,MN,47.546667,-96.288333,1136,122.8,14,144.04,1135,NA,47.554007,-96.294471,47.555124,-96.295817,47.555221,-96.295636,47.548479,-96.28868,47.548566,-96.288493,47.5518475,-96.2921565
3480,7,3H4,HILLSBORO,HILLSBORO,ND,47.359408,-97.060416,905,122.8,34,351,906,3,47.356339,-97.059684,47.363848,-97.061605,47.363875,-97.061372,47.354927,-97.059448,47.35496,-97.059231,47.3594025,-97.060414
3480,7,3H4,HILLSBORO,HILLSBORO,ND,47.359408,-97.060416,905,122.8,16,171,906,3,47.362444,-97.061148,47.363848,-97.061605,47.363875,-97.061372,47.354927,-97.059448,47.35496,-97.059231,47.3594025,-97.060414
4772,8,4V4,VINCE,NORTHWOOD,ND,47.724233,-97.590422,1117,122.8,26,269,1117,3,47.724914,-97.585757,47.724895,-97.596237,47.72501,-97.583398,47.724743,-97.596241,47.724861,-97.583395,47.72487725,-97.58981775
4772,8,4V4,VINCE,NORTHWOOD,ND,47.724233,-97.590422,1117,122.8,8,89,1117,3,47.724842,-97.593918,47.724895,-97.596237,47.72501,-97.583398,47.724743,-97.596241,47.724861,-97.583395,47.72487725,-97.58981775
2589,9,2L1,LARIMORE,LARIMORE,ND,47.906934,-97.640643,1130,122.9,30,314,1130,,NA,NA,47.909465,-97.645253,47.909564,-97.645129,47.904039,-97.637115,47.904132,-97.636984,47.9068,-97.64112025
2589,9,2L1,LARIMORE,LARIMORE,ND,47.906934,-97.640643,1130,122.9,12,134,1130,,NA,NA,47.909465,-97.645253,47.909564,-97.645129,47.904039,-97.637115,47.904132,-97.636984,47.9068,-97.64112025
15539,10,Y37,Park River - W C Skjerven Field Airport,PARK RIVER,ND,48.394083,-97.780778,1104,122.8,31,313.86,1104,3,48.39147,-97.777611,48.396393,-97.785488,48.396525,-97.78531,48.390517,-97.776302,48.390647,-97.776109,48.3935205,-97.78080225
15539,10,Y37,Park River - W C Skjerven Field Airport,PARK RIVER,ND,48.394083,-97.780778,1104,122.8,13,133.86,1104,3,48.395269,-97.783556,48.396393,-97.785488,48.396525,-97.78531,48.390517,-97.776302,48.390647,-97.776109,48.3935205,-97.78080225
15539,10,Y37,Park River - W C Skjerven Field Airport,PARK RIVER,ND,48.394083,-97.780778,1104,122.8,22,222.29,1104,NA,NA,NA,48.397551,-97.777234,48.397328,-97.776939,48.392413,-97.784339,48.392219,-97.78403,48.39487775,-97.7806355
15539,10,Y37,Park River - W C Skjerven Field Airport,PARK RIVER,ND,48.394083,-97.780778,1104,122.8,4,42.29,1104,NA,NA,NA,48.397551,-97.777234,48.397328,-97.776939,48.392413,-97.784339,48.392219,-97.78403,48.39487775,-97.7806355
10555,13,D41,STEPHEN MUNI,STEPHEN,MN,48.458333,-96.863333,830,122.7,35,356.04,830,NA,NA,NA,48.464967,-96.866177,48.464973,-96.865934,48.457572,-96.865435,48.457583,-96.865195,48.46127375,-96.86568525
10555,13,D41,STEPHEN MUNI,STEPHEN,MN,48.458333,-96.863333,830,122.7,17,176.04,830,NA,NA,NA,48.464967,-96.866177,48.464973,-96.865934,48.457572,-96.865435,48.457583,-96.865195,48.46127375,-96.86568525
11005,,FAR,HECTOR INTERNATIONAL,FARGO,ND,46.92065,-96.815764,900,,18,180,900,3,46.929307,-96.816151,46.932867,-96.816404,46.932863,-96.815808,46.908191,-96.816704,46.908189,-96.816105,46.9205275,-96.81625525
11005,,FAR,HECTOR INTERNATIONAL,FARGO,ND,46.92065,-96.815764,900,,36,360,899,3,46.911896,-96.816361,46.932867,-96.816404,46.932863,-96.815808,46.908191,-96.816704,46.908189,-96.816105,46.9205275,-96.81625525
11005,,FAR,HECTOR INTERNATIONAL,FARGO,ND,46.92065,-96.815764,900,,9,90,900,3,46.927118,-96.824121,46.92713,-96.802107,46.92686,-96.802109,46.927272,-96.827322,46.926999,-96.827328,46.92706525,-96.8147165
11005,,FAR,HECTOR INTERNATIONAL,FARGO,ND,46.92065,-96.815764,900,,27,270,899,3,46.927015,-96.805304,46.92713,-96.802107,46.92686,-96.802109,46.927272,-96.827322,46.926999,-96.827328,46.92706525,-96.8147165
12379,,JMS,JAMESTOWN MUNI,JAMESTOWN,ND,46.929722,-98.678194,1498,123,13,135,1500,3,46.924949,-98.67136,46.935565,-98.68726,46.935755,-98.686977,46.923008,-98.668791,46.923198,-98.668505,46.9293815,-98.67788325
12379,,JMS,JAMESTOWN MUNI,JAMESTOWN,ND,46.929722,-98.678194,1498,123,31,315,1498,3,46.933046,-98.683274,46.935565,-98.68726,46.935755,-98.686977,46.923008,-98.668791,46.923198,-98.668505,46.9293815,-98.67788325
12379,,JMS,JAMESTOWN MUNI,JAMESTOWN,ND,46.929722,-98.678194,1498,123,4,45,1496,3,46.925276,46.925276,46.935787,-98.670604,46.935641,-98.670391,46.924573,-98.686774,46.924427,46.924427,46.930107,-62.2758355
12379,,JMS,JAMESTOWN MUNI,JAMESTOWN,ND,46.929722,-98.678194,1498,123,22,225,1500,3,46.934932,-98.671623,46.935787,-98.670604,46.935641,-98.670391,46.924573,-98.686774,46.924427,46.924427,46.930107,-62.2758355
10726,,DVL,DEVILS LAKE MUNI,DEVILS LAKE,ND,48.114583,-98.908333,1470,122.8,13,138,1470,3,48.122107,-98.917045,48.124052,-98.919928,48.124234,-98.919621,48.111004,-98.902417,48.111186,-98.902113,48.117619,-98.91101975
10726,,DVL,DEVILS LAKE MUNI,DEVILS LAKE,ND,48.114583,-98.908333,1470,122.8,31,318,1443,3,48.112832,-98.904602,48.124052,-98.919928,48.124234,-98.919621,48.111004,-98.902417,48.111186,-98.902113,48.117619,-98.91101975
10726,,DVL,DEVILS LAKE MUNI,DEVILS LAKE,ND,48.114583,-98.908333,1470,122.8,3,45,1450,3,48.118316,-98.903663,48.119333,-98.902351,48.119188,-98.902134,48.110986,-98.914852,48.110838,-98.914636,48.11508625,-98.90849325
10726,,DVL,DEVILS LAKE MUNI,DEVILS LAKE,ND,48.114583,-98.908333,1470,122.8,21,225,1449,3,48.111888,-98.913287,48.119333,-98.902351,48.119188,-98.902134,48.110986,-98.914852,48.110838,-98.914636,48.11508625,-98.90849325
9615,,BAC,BARNES COUNTY MUNI,VALLEY CITY,ND,46.941185,-98.018018,1402,122.8,13,134,1402,3,46.946258,-98.020729,46.947334,-98.022574,46.947481,-98.022365,46.939332,-98.01048,46.939478,-98.010271,46.94340625,-98.0164225
9615,,BAC,BARNES COUNTY MUNI,VALLEY CITY,ND,46.941185,-98.018018,1402,122.8,31,314,1394,3,46.940358,-98.011819,46.947334,-98.022574,46.947481,-98.022365,46.939332,-98.01048,46.939478,-98.010271,46.94340625,-98.0164225
9752,,BWP,HARRY STERN,WAHPETON,ND,46.244294,-96.607156,968,123,15,156,968,3,46.248576,-96.609889,46.250565,-96.611332,46.250655,-96.611046,46.2378,-96.603111,46.23788,-96.602846,46.244225,-96.60708375
9752,,BWP,HARRY STERN,WAHPETON,ND,46.244294,-96.607156,968,123,31,336,968,3,46.239094,-96.603786,46.250565,-96.611332,46.250655,-96.611046,46.2378,-96.603111,46.23788,-96.602846,46.244225,-96.60708375
9667,,BIS,BISMARCK MUNI,BISMARCK,ND,46.772722,-100.74575,1661,118.3,13,138,1655,3,46.781744,-100.758851,46.783816,-100.762009,46.784092,-100.761564,46.766013,-100.738337,46.766289,-100.737898,46.7750525,-100.749952
9667,,BIS,BISMARCK MUNI,BISMARCK,ND,46.772722,-100.74575,1661,118.3,31,318,1645,3,46.768029,-100.74061,46.783816,-100.762009,46.784092,-100.761564,46.766013,-100.738337,46.766289,-100.737898,46.7750525,-100.749952
9667,,BIS,BISMARCK MUNI,BISMARCK,ND,46.772722,-100.74575,1661,118.3,3,39,1661,3,46.774344,-100.734571,46.776755,-100.731985,46.776583,-100.731677,46.762705,-100.748566,46.762529,-100.748259,46.769643,-100.7401218
9667,,BIS,BISMARCK MUNI,BISMARCK,ND,46.772722,-100.74575,1661,118.3,21,219,1661,3,46.76451,-100.746179,46.776755,-100.731985,46.776583,-100.731677,46.762705,-100.748566,46.762529,-100.748259,46.769643,-100.7401218
10530,,D09,BOTTINEAU MUNI,BOTTINEAU,ND,48.830528,-100.41731,1675,122.8,13,135,1675,3,48.832152,-100.419757,48.833358,-100.421755,48.833475,48.833475,48.826179,-100.410924,48.826291,-100.410746,48.82982575,-63.1024875
10530,,D09,BOTTINEAU MUNI,BOTTINEAU,ND,48.830528,-100.41731,1675,122.8,31,315,1675,3,48.827349,-100.412511,48.833358,-100.421755,48.833475,48.833475,48.826179,-100.410924,48.826291,-100.410746,48.82982575,-63.1024875
12474,,K74,HAMRY FIELD,KINDRED,ND,46.65,-97.01,947,122.9,11,118,947,3,46.649863,-97.002082,46.650788,-97.00486,46.650933,-97.004751,46.646528,-96.993271,46.646672,-96.993157,46.64873025,-96.99900975
12474,,K74,HAMRY FIELD,KINDRED,ND,46.65,-97.01,947,122.9,29,298,947,3,46.647607,-96.995953,46.650788,-97.00486,46.650933,-97.004751,46.646528,-96.993271,46.646672,-96.993157,46.64873025,-96.99900975
13910,,MOT,MINOT INTL,MINOT,ND,48.257639,-101.27803,1716,118.2,13,138,1702,3,48.263199,-101.286013,48.265116,-101.28898,48.265391,-101.288521,48.249318,-101.267969,48.24959,-101.267511,48.25735375,-101.2782453
13910,,MOT,MINOT INTL,MINOT,ND,48.257639,-101.27803,1716,118.2,31,318,1673,3,NA,NA,48.265116,-101.28898,48.265391,-101.288521,48.249318,-101.267969,48.24959,-101.267511,48.25735375,-101.2782453
13910,,MOT,MINOT INTL,MINOT,ND,48.257639,-101.27803,1716,118.2,8,90,1712,3,48.258032,-101.284937,48.258109,-101.264741,48.257837,-101.264749,48.258177,-101.289153,48.25791,-101.289156,48.25800825,-101.2769498
13910,,MOT,MINOT INTL,MINOT,ND,48.257639,-101.27803,1716,118.2,26,270,1682,3,48.257975,-101.26838,48.258109,-101.264741,48.257837,-101.264749,48.258177,-101.289153,48.25791,-101.289156,48.25800825,-101.2769498
12340,,IWA,WILLIAMS AFB,CHANDLER,AZ,33.31,-111.65667,1385,,30L,316,1374,3,33.299688,-111.651872,33.317522,-111.673041,33.317812,-111.672692,33.297116,-111.64921,33.297406,-111.648866,33.307464,-111.6609523
12340,,IWA,WILLIAMS AFB,CHANDLER,AZ,33.31,-111.65667,1385,,12R,136,1349,3,33.315522,-111.670367,33.317522,-111.673041,33.317812,-111.672692,33.297116,-111.64921,33.297406,-111.648866,33.307464,-111.6609523
12340,,IWA,WILLIAMS AFB,CHANDLER,AZ,33.31,-111.65667,1385,,30C,316,1380,3,33.299553,-111.64484,33.317466,-111.666091,33.317756,-111.665747,33.297453,-111.642728,33.297736,-111.642377,33.30760275,-111.6542358
12340,,IWA,WILLIAMS AFB,CHANDLER,AZ,33.31,-111.65667,1385,,12C,136,1358,3,33.315865,-111.663884,33.317466,-111.666091,33.317756,-111.665747,33.297453,-111.642728,33.297736,-111.642377,33.30760275,-111.6542358
12340,,IWA,WILLIAMS AFB,CHANDLER,AZ,33.31,-111.65667,1385,,30R,316,1385,3,33.302278,-111.643438,33.317443,-111.661483,33.317726,-111.661135,33.299197,-111.640175,33.299479,-111.639835,33.30846125,-111.650657
12340,,IWA,WILLIAMS AFB,CHANDLER,AZ,33.31,-111.65667,1385,,12L,136,1385,3,33.314962,-111.65824,33.317443,-111.661483,33.317726,-111.661135,33.299197,-111.640175,33.299479,-111.639835,33.30846125,-111.650657
9494,,AVQ,MARANA WEST REGIONAL,AVER VALLEY,AZ,32.41,-111.22,2025,123,30,315,2025,3,32.405675,-111.212296,32.417574,-111.226313,32.417765,-111.226096,32.404054,-111.21063,32.404237,-111.210409,32.4109075,-111.218362
9494,,AVQ,MARANA WEST REGIONAL,AVER VALLEY,AZ,32.41,-111.22,2025,123,12,135,2022,3,32.416132,-111.224419,32.417574,-111.226313,32.417765,-111.226096,32.404054,-111.21063,32.404237,-111.210409,32.4109075,-111.218362
9494,,AVQ,MARANA WEST REGIONAL,AVER VALLEY,AZ,32.41,-111.22,2025,123,21,225,2026,3,32.409395,-111.215735,32.40446,-111.221812,32.411006,-111.213968,32.404324,-111.221654,32.410872,-111.21381,32.4076655,-111.217811
9494,,AVQ,MARANA WEST REGIONAL,AVER VALLEY,AZ,32.41,-111.22,2025,123,3,45,2026,3,32.406281,-111.219467,32.40446,-111.221812,32.411006,-111.213968,32.404324,-111.221654,32.410872,-111.21381,32.4076655,-111.217811
10065,,CGZ,CASA GRANDE MUNI,CASA GRANDE,AZ,32.955,-111.76667,1462,122.7,5,60,1458,3,32.952369,-111.772012,32.951442,-111.774234,32.958595,-111.759581,32.951204,-111.774076,32.958357,-111.759413,32.9548995,-111.766826
10065,,CGZ,CASA GRANDE MUNI,CASA GRANDE,AZ,32.955,-111.76667,1462,122.7,23,240,1462,3,32.957425,-111.761656,32.951442,-111.774234,32.958595,-111.759581,32.951204,-111.774076,32.958357,-111.759413,32.9548995,-111.766826
10068,,CHD,CHANDLER MUNICIPAL,CHANDLER,AZ,33.27,-111.81,1242,126.1,22L,229,1242,3,33.27297,-111.804021,33.274469,-111.802104,33.274314,-111.801945,33.265803,-111.814247,33.265648,-111.814089,33.2700585,-111.8080963
10068,,CHD,CHANDLER MUNICIPAL,CHANDLER,AZ,33.27,-111.81,1242,126.1,4R,49,1240,3,33.267111,-111.812228,33.274469,-111.802104,33.274314,-111.801945,33.265803,-111.814247,33.265648,-111.814089,33.2700585,-111.8080963
10068,,CHD,CHANDLER MUNICIPAL,CHANDLER,AZ,33.27,-111.81,1242,126.1,22R,229,1242,3,33.270594,-111.810883,33.272024,-111.809066,33.271869,-111.808908,33.264192,-111.820035,33.264038,-111.819878,33.26803075,-111.8144718
10068,,CHD,CHANDLER MUNICIPAL,CHANDLER,AZ,33.27,-111.81,1242,126.1,4L,49,1242,3.5,33.265468,-111.818066,33.272024,-111.809066,33.271869,-111.808908,33.264192,-111.820035,33.264038,-111.819878,33.26803075,-111.8144718
15021,,P08,Coolidge Municipal,Coolidge,AZ,32.933,-111.426,1587,123.075,23,240,1574,3,32.940081,-111.422086,32.941412,-111.419809,32.941062,-111.419558,32.933826,-111.435537,32.933459,-111.435291,32.93743975,-111.4275488
15021,,P08,Coolidge Municipal,Coolidge,AZ,32.933,-111.426,1587,123.075,5,60,164,3,32.934696,-111.433256,32.941412,-111.419809,32.941062,-111.419558,32.933826,-111.435537,32.933459,-111.435291,32.93743975,-111.4275488
15021,,P08,Coolidge Municipal,Coolidge,AZ,32.933,-111.426,1587,123.075,35,0,1587,NA,NA,NA,32.93931,-111.425051,32.939309,-111.42481,32.928654,-111.425097,32.928633,-111.424858,32.9339765,-111.424954
15021,,P08,Coolidge Municipal,Coolidge,AZ,32.933,-111.426,1587,123.075,17,180,1587,NA,NA,NA,32.93931,-111.425051,32.939309,-111.42481,32.928654,-111.425097,32.928633,-111.424858,32.9339765,-111.424954
10782,,E63,GILA BEND MUNI,GILA BEND,AZ,32.958333,-112.67833,778,122.8,22,238.04,778,3,32.962797,-112.668715,32.964072,-112.666567,32.9639,-112.666434,32.956386,-112.680871,32.956223,-112.680739,32.96014525,-112.6736528
10782,,E63,GILA BEND MUNI,GILA BEND,AZ,32.958333,-112.67833,778,122.8,4,58.04,778,3,32.957379,-112.678803,32.964072,-112.666567,32.9639,-112.666434,32.956386,-112.680871,32.956223,-112.680739,32.96014525,-112.6736528
11603,,HII,LAKE HAVASU CITY,LAKE HAVASU CITY,AZ,34.568333,-114.35667,783,122.7,14,149,759,3.5,34.578536,-114.363527,34.580533,-114.365136,34.580671,-114.364852,34.561569,-114.351705,34.561707,-114.351421,34.57112,-114.3582785
11603,,HII,LAKE HAVASU CITY,LAKE HAVASU CITY,AZ,34.568333,-114.35667,783,122.7,32,329,783,3,34.563539,-114.352912,34.580533,-114.365136,34.580671,-114.364852,34.561569,-114.351705,34.561707,-114.351421,34.57112,-114.3582785
14971,,OLS,Nogales International,Nogales,AZ,31.42,-110.85,3932,,3,46,3932,3,31.421083,-110.843808,31.422916,-110.841784,31.422723,-110.841576,31.410974,-110.856355,31.41079,-110.85615,31.41685075,-110.8489663
14971,,OLS,Nogales International,Nogales,AZ,31.42,-110.85,3932,,21,226,3932,4,31.411999,-110.8549,31.422916,-110.841784,31.422723,-110.841576,31.410974,-110.856355,31.41079,-110.85615,31.41685075,-110.8489663
14308,,MZJ,PINAL AIRPARK,MARANA,AZ,32.51,-111.32833,1891,123.05,30,314,1891,NA,NA,NA,32.516325,-111.333466,32.516652,-111.333083,32.502995,-111.317631,32.503374,-111.317208,32.5098365,-111.325347
14308,,MZJ,PINAL AIRPARK,MARANA,AZ,32.51,-111.32833,1891,123.05,12,134,1891,NA,NA,NA,32.516325,-111.333466,32.516652,-111.333083,32.502995,-111.317631,32.503374,-111.317208,32.5098365,-111.325347
15197,,RYN,RYAN FIELD,TUCSON,AZ,32.14,-111.17,2415,125.8,6L,70,2415,NA,NA,NA,32.145852,-111.167634,32.145662,-111.167555,32.141317,-111.182535,32.141127,-111.182457,32.1434895,-111.1750453
15197,,RYN,RYAN FIELD,TUCSON,AZ,32.14,-111.17,2415,125.8,24R,250,2415,NA,NA,NA,32.145852,-111.167634,32.145662,-111.167555,32.141317,-111.182535,32.141127,-111.182457,32.1434895,-111.1750453
15197,,RYN,RYAN FIELD,TUCSON,AZ,32.14,-111.17,2415,125.8,6R,70,2415,NA,NA,NA,32.145335,-111.162615,32.145144,-111.162534,32.140248,-111.179336,32.14006,-111.179255,32.14269675,-111.170935
15197,,RYN,RYAN FIELD,TUCSON,AZ,32.14,-111.17,2415,125.8,24L,250,2415,3,32.14477,-111.164116,32.145335,-111.162615,32.145144,-111.162534,32.140248,-111.179336,32.14006,-111.179255,32.14269675,-111.170935
15197,,RYN,RYAN FIELD,TUCSON,AZ,32.14,-111.17,2415,125.8,33,347,2415,NA,NA,NA,32.145362,-111.180517,32.145414,-111.180247,32.134563,-111.177812,32.134617,-111.177513,32.139989,-111.1790223
15197,,RYN,RYAN FIELD,TUCSON,AZ,32.14,-111.17,2415,125.8,15,167,2415,NA,NA,NA,32.145362,-111.180517,32.145414,-111.180247,32.134563,-111.177812,32.134617,-111.177513,32.139989,-111.1790223
15230,,SAD,Safford Municipal,Safford,AZ,32.86,-109.64,3176,CTAF 122,30,315,3167,3,32.848459,-109.630161,32.858605,-109.642247,32.858793,-109.64202,32.846856,-109.628514,32.847044,-109.628282,32.8528245,-109.6352658
15230,,SAD,Safford Municipal,Safford,AZ,32.86,-109.64,3176,CTAF 122,12,135,3167,3,32.857233,-109.640421,32.858605,-109.642247,32.858793,-109.64202,32.846856,-109.628514,32.847044,-109.628282,32.8528245,-109.6352658
15230,,SAD,Safford Municipal,Safford,AZ,32.86,-109.64,3176,CTAF 122,8,90,3179,3,32.854015,-109.640192,32.854041,-109.627056,32.853835,-109.627063,32.854162,-109.642684,32.853904,-109.642684,32.8539855,-109.6348718
15230,,SAD,Safford Municipal,Safford,AZ,32.86,-109.64,3176,CTAF 122,26,270,3179,3,32.853955,-109.629525,32.854041,-109.627056,32.853835,-109.627063,32.854162,-109.642684,32.853904,-109.642684,32.8539855,-109.6348718
15416,,TUS,Tucson International,Tucson,AZ,32.11,-110.94,2641,118.3/11,11L,135,2599,3,32.120963,-110.945096,32.123226,-110.948088,32.123514,-110.947749,32.101848,-110.923007,32.102135,-110.922671,32.11268075,-110.9353788
15416,,TUS,Tucson International,Tucson,AZ,32.11,-110.94,2641,118.3/11,29R,315,2643,3,32.105301,-110.926719,32.123226,-110.948088,32.123514,-110.947749,32.101848,-110.923007,32.102135,-110.922671,32.11268075,-110.9353788
15416,,TUS,Tucson International,Tucson,AZ,32.11,-110.94,2641,118.3/11,11R,135,2605,3,32.117877,-110.944694,32.119289,-110.946513,32.119425,-110.946352,32.105705,-110.930573,32.105843,-110.930412,32.1125655,-110.9384625
15416,,TUS,Tucson International,Tucson,AZ,32.11,-110.94,2641,118.3/11,29L,315,2629,NA,NA,NA,32.119289,-110.946513,32.119425,-110.946352,32.105705,-110.930573,32.105843,-110.930412,32.1125655,-110.9384625
15416,,TUS,Tucson International,Tucson,AZ,32.11,-110.94,2641,118.3/11,3,45,2572,NA,NA,NA,32.130906,-110.943227,32.130616,-110.94289,32.11898,-110.957247,32.118698,-110.956913,32.1248,-110.9500693
15416,,TUS,Tucson International,Tucson,AZ,32.11,-110.94,2641,118.3/11,21,225,2573,3,32.128837,-110.945324,32.130906,-110.943227,32.130616,-110.94289,32.11898,-110.957247,32.118698,-110.956913,32.1248,-110.9500693
14925,,NYL,YUMA INTERNATIONAL AIRPORT,YUMA,AZ,32.656583,-114.60597,213,119.3,3L,44,213,3,32.638738,-114.627128,32.663205,-114.599547,32.662833,-114.599083,32.636966,-114.62961,32.63659,-114.629148,32.6498985,-114.614347
14925,,NYL,YUMA INTERNATIONAL AIRPORT,YUMA,AZ,32.656583,-114.60597,213,119.3,21R,224,213,3,32.661024,-114.601604,32.663205,-114.599547,32.662833,-114.599083,32.636966,-114.62961,32.63659,-114.629148,32.6498985,-114.614347
14925,,NYL,YUMA INTERNATIONAL AIRPORT,YUMA,AZ,32.656583,-114.60597,213,119.3,3R,44,213,3,32.650691,-114.610277,32.667153,-114.59186,32.666803,-114.591427,32.648875,-114.612682,32.648594,-114.612336,32.65785625,-114.6020763
14925,,NYL,YUMA INTERNATIONAL AIRPORT,YUMA,AZ,32.656583,-114.60597,213,119.3,21L,224,213,3,32.66498,-114.593898,32.667153,-114.59186,32.666803,-114.591427,32.648875,-114.612682,32.648594,-114.612336,32.65785625,-114.6020763
14925,,NYL,YUMA INTERNATIONAL AIRPORT,YUMA,AZ,32.656583,-114.60597,213,119.3,8,89,213,NA,NA,NA,32.666357,-114.5857,32.665953,-114.585693,32.666096,-114.60565,32.665694,-114.605639,32.666025,-114.5956705
14925,,NYL,YUMA INTERNATIONAL AIRPORT,YUMA,AZ,32.656583,-114.60597,213,119.3,26,269,213,NA,NA,NA,32.666357,-114.5857,32.665953,-114.585693,32.666096,-114.60565,32.665694,-114.605639,32.666025,-114.5956705
14925,,NYL,YUMA INTERNATIONAL AIRPORT,YUMA,AZ,32.656583,-114.60597,213,119.3,17,179,213,3,32.666328,-114.604033,32.667695,-114.604302,32.667701,-114.603821,32.652007,-114.604,32.652013,-114.603535,32.659854,-114.6039145
14925,,NYL,YUMA INTERNATIONAL AIRPORT,YUMA,AZ,32.656583,-114.60597,213,119.3,35,359,213,NA,NA,NA,32.667695,-114.604302,32.667701,-114.603821,32.652007,-114.604,32.652013,-114.603535,32.659854,-114.6039145
9685,,BLH,BLYTHE,BLYTHE,CA,33.618333,-114.71667,397,122.8,8,90,397,NA,NA,NA,33.61674,-114.706252,33.616318,-114.706248,33.616807,-114.727719,33.616388,-114.727725,33.61656325,-114.716986
9685,,BLH,BLYTHE,BLYTHE,CA,33.618333,-114.71667,397,122.8,26,270,397,3,33.616533,-114.707349,33.61674,-114.706252,33.616318,-114.706248,33.616807,-114.727719,33.616388,-114.727725,33.61656325,-114.716986
9685,,BLH,BLYTHE,BLYTHE,CA,33.618333,-114.71667,397,122.8,17,180,397,3,33.628648,-114.716759,33.630027,-114.716912,33.630024,-114.716587,33.614094,-114.71699,33.614095,-114.716664,33.62206,-114.7167883
9685,,BLH,BLYTHE,BLYTHE,CA,33.618333,-114.71667,397,122.8,35,360,397,3,33.615317,-114.716819,33.630027,-114.716912,33.630024,-114.716587,33.614094,-114.71699,33.614095,-114.716664,33.62206,-114.7167883
15107,,PSP,Palm Springs Regional,Palm Springs,AZ,33.83,-116.51,462,119.7,31L,323,430,3,33.823991,-116.502608,33.833942,-116.511769,33.834185,-116.511376,33.821814,-116.500971,33.822057,-116.500576,33.8279995,-116.506173
15107,,PSP,Palm Springs Regional,Palm Springs,AZ,33.83,-116.51,462,119.7,13R,143,451,3,33.831332,-116.509142,33.833942,-116.511769,33.834185,-116.511376,33.821814,-116.500971,33.822057,-116.500576,33.8279995,-116.506173
15107,,PSP,Palm Springs Regional,Palm Springs,AZ,33.83,-116.51,462,119.7,31R,323,462,3.2,33.825617,-116.501181,33.835107,-116.50978,33.835229,-116.509582,33.824184,-116.500059,33.824306,-116.499863,33.8297065,-116.504821
15107,,PSP,Palm Springs Regional,Palm Springs,AZ,33.83,-116.51,462,119.7,13L,143,462,3.2,33.833421,-116.508132,33.835107,-116.50978,33.835229,-116.509582,33.824184,-116.500059,33.824306,-116.499863,33.8297065,-116.504821
15232,,SAN,San Diego Intl-Lindbergh Fld,San Diego,CA,32.73,-117.19,14,118.3,27,286,17,3.5,32.732199,-117.184026,32.736842,-117.202068,32.731634,-117.180599,32.736335,-117.202237,32.731132,-117.180769,32.73398575,-117.1914183
15232,,SAN,San Diego Intl-Lindbergh Fld,San Diego,CA,32.73,-117.19,14,118.3,9,106,17,3.3,NA,NA,32.736842,-117.202068,32.731634,-117.180599,32.736335,-117.202237,32.731132,-117.180769,32.73398575,-117.1914183
14299,,MYF,MONTGOMERY FIELD,SAN DIEGO,CA,32.816667,-117.14,427,119.2,10L,115,427,3,32.817122,-117.142037,32.814408,-117.134572,32.814042,-117.134777,32.818357,-117.144597,32.817985,-117.144804,32.816198,-117.1396875
14299,,MYF,MONTGOMERY FIELD,SAN DIEGO,CA,32.816667,-117.14,427,119.2,28R,295,423,3,32.814701,-117.135883,32.814408,-117.134572,32.814042,-117.134777,32.818357,-117.144597,32.817985,-117.144804,32.816198,-117.1396875
14299,,MYF,MONTGOMERY FIELD,SAN DIEGO,CA,32.816667,-117.14,427,119.2,10R,115,427,NA,NA,NA,32.813051,-117.135314,32.812904,-117.135395,32.816999,-117.145346,32.816852,-117.145427,32.8149515,-117.1403705
14299,,MYF,MONTGOMERY FIELD,SAN DIEGO,CA,32.816667,-117.14,427,119.2,28L,295,427,NA,NA,NA,32.813051,-117.135314,32.812904,-117.135395,32.816999,-117.145346,32.816852,-117.145427,32.8149515,-117.1403705
14299,,MYF,MONTGOMERY FIELD,SAN DIEGO,CA,32.816667,-117.14,427,119.2,5,65,427,NA,NA,NA,32.818993,-117.136097,32.818625,-117.135892,32.815509,-117.144947,32.815143,-117.144744,32.8170675,-117.14042
14299,,MYF,MONTGOMERY FIELD,SAN DIEGO,CA,32.816667,-117.14,427,119.2,23,245,427,NA,NA,NA,32.818993,-117.136097,32.818625,-117.135892,32.815509,-117.144947,32.815143,-117.144744,32.8170675,-117.14042
11622,,HND,LAS VEGAS-HENDERSON SKY HARBOR,LAS VEGAS,NV,35.976667,-115.13333,2458,122.8,35L,360,2492,4.3,35.965413,-115.13552,35.980891,-115.135481,35.980891,-115.135147,35.963046,-115.135713,35.963043,-115.135374,35.97196775,-115.1354288
11622,,HND,LAS VEGAS-HENDERSON SKY HARBOR,LAS VEGAS,NV,35.976667,-115.13333,2458,122.8,17R,180,2492,3,35.979128,-115.13534,35.980891,-115.135481,35.980891,-115.135147,35.963046,-115.135713,35.963043,-115.135374,35.97196775,-115.1354288
11622,,HND,LAS VEGAS-HENDERSON SKY HARBOR,LAS VEGAS,NV,35.976667,-115.13333,2458,122.8,35R,360,2492,4.3,35.969524,-115.133107,35.980873,-115.133075,35.980871,-115.132825,35.967146,-115.13326,35.967145,-115.133013,35.97400875,-115.1330433
11622,,HND,LAS VEGAS-HENDERSON SKY HARBOR,LAS VEGAS,NV,35.976667,-115.13333,2458,122.8,17L,180,2492,3,35.979157,-115.132971,35.980873,-115.133075,35.980871,-115.132825,35.967146,-115.13326,35.967145,-115.133013,35.97400875,-115.1330433
9079,,ABQ,ALBUQUERQUE INTL,ALBUQUERQUE,NM,35.041667,-106.60833,5352,,8,90,5315,2.95,35.044285,-106.611302,35.044264,-106.575533,35.043858,-106.575532,35.044527,-106.61821,35.044138,-106.618213,35.04419675,-106.596872
9079,,ABQ,ALBUQUERQUE INTL,ALBUQUERQUE,NM,35.041667,-106.60833,5352,,26,270,5355,3,35.0441,-106.5813,35.044264,-106.575533,35.043858,-106.575532,35.044527,-106.61821,35.044138,-106.618213,35.04419675,-106.596872
9079,,ABQ,ALBUQUERQUE INTL,ALBUQUERQUE,NM,35.041667,-106.60833,5352,,3,45,5312,3,35.024402,-106.627998,35.041883,-106.607253,35.041596,-106.606898,35.022392,-106.630777,35.022103,-106.630425,35.0319935,-106.6188383
9079,,ABQ,ALBUQUERQUE INTL,ALBUQUERQUE,NM,35.041667,-106.60833,5352,,21,225,5316,NA,35.03892,-106.610474,35.041883,-106.607253,35.041596,-106.606898,35.022392,-106.630777,35.022103,-106.630425,35.0319935,-106.6188383
9079,,ABQ,ALBUQUERQUE INTL,ALBUQUERQUE,NM,35.041667,-106.60833,5352,,12,129,5352,NA,NA,NA,35.043371,-106.620904,35.043692,-106.620593,35.033037,-106.605303,35.033354,-106.604991,35.0383635,-106.6129478
9079,,ABQ,ALBUQUERQUE INTL,ALBUQUERQUE,NM,35.041667,-106.60833,5352,,30,309,5352,3,35.034718,35.034718,35.043371,-106.620904,35.043692,-106.620593,35.033037,-106.605303,35.033354,-106.604991,35.0383635,-106.6129478
9100,,AEG,DOUBLE EAGLE II,ALBUQUERQUE,NM,35.145,-106.795,5834,122.8,4,46,5837,3,35.140362,-106.807137,35.152921,-106.791436,35.152725,-106.791212,35.138847,-106.809302,35.138652,-106.809071,35.14578625,-106.8002553
9100,,AEG,DOUBLE EAGLE II,ALBUQUERQUE,NM,35.145,-106.795,5834,122.8,22,226,5817,NA,NA,NA,35.152921,-106.791436,35.152725,-106.791212,35.138847,-106.809302,35.138652,-106.809071,35.14578625,-106.8002553
9100,,AEG,DOUBLE EAGLE II,ALBUQUERQUE,NM,35.145,-106.795,5834,122.8,17,180,5837,3,35.150249,-106.788877,35.152601,-106.78905,35.152601,-106.788717,35.136139,-106.789025,35.136144,-106.788696,35.14437125,-106.788872
9100,,AEG,DOUBLE EAGLE II,ALBUQUERQUE,NM,35.145,-106.795,5834,122.8,35,360,5837,NA,NA,NA,35.152601,-106.78905,35.152601,-106.788717,35.136139,-106.789025,35.136144,-106.788696,35.14437125,-106.788872
10861,,ELP,EL PASO INTL,EL PASO,TX,31.806667,-106.37833,3956,118.3,4,50,3923,3,31.803315,-106.397401,31.822938,-106.370389,31.822627,-106.370085,31.801706,-106.400018,31.801393,-106.399704,31.812166,-106.385049
10861,,ELP,EL PASO INTL,EL PASO,TX,31.806667,-106.37833,3962,118.3,22,230,3949,3,31.820266,-106.373748,31.822938,-106.370389,31.822627,-106.370085,31.801706,-106.400018,31.801393,-106.399704,31.812166,-106.385049
10861,,ELP,EL PASO INTL,EL PASO,TX,31.806667,-106.37833,3962,118.3,8R,93,3956,3,31.801842,-106.384521,31.800818,-106.359655,31.800409,-106.359682,31.802253,-106.388648,31.801843,-106.388673,31.80133075,-106.3741645
10861,,ELP,EL PASO INTL,EL PASO,TX,31.806667,-106.37833,3962,118.3,26L,273,3962,3,31.800857,-106.364542,31.800818,-106.359655,31.800409,-106.359682,31.802253,-106.388648,31.801843,-106.388673,31.80133075,-106.3741645
10861,,ELP,EL PASO INTL,EL PASO,TX,31.806667,-106.37833,3962,118.3,8L,93,3962,NA,NA,NA,31.80627,-106.352177,31.806059,-106.352172,31.805826,-106.369862,31.805617,-106.369858,31.805943,-106.3610173
10861,,ELP,EL PASO INTL,EL PASO,TX,31.806667,-106.37833,3962,118.3,26R,273,3949,NA,NA,NA,31.80627,-106.352177,31.806059,-106.352172,31.805826,-106.369862,31.805617,-106.369858,31.805943,-106.3610173
10784,,E67,KEARNY,KEARNY,AZ,33.046667,-110.91,1828,122.9,8,93.83,1828,NA,NA,NA,33.047275,-110.904452,33.047114,-110.904464,33.047831,-110.914283,33.047669,-110.914297,33.04747225,-110.909374
10784,,E67,KEARNY,KEARNY,AZ,33.046667,-110.91,1828,122.9,26,273.83,1828,NA,NA,NA,33.047275,-110.904452,33.047114,-110.904464,33.047831,-110.914283,33.047669,-110.914297,33.04747225,-110.909374
15237,,SBA,,SANTA BARBARA,CA,34.433333,-119.83333,13,119.7,7,88,13,NA,NA,NA,34.428128,-119.834607,34.427717,-119.834594,34.427709,-119.854665,34.427299,-119.854652,34.42771325,-119.8446295
15237,,SBA,,SANTA BARBARA,CA,34.433333,-119.83333,13,119.7,25,268,10,3,34.427856,-119.837697,34.428128,-119.834607,34.427717,-119.834594,34.427709,-119.854665,34.427299,-119.854652,34.42771325,-119.8446295
15237,,SBA,,SANTA BARBARA,CA,34.433333,-119.83333,13,119.7,15R,165,13,NA,NA,NA,34.419446,-119.83796,34.419376,-119.838274,34.430579,-119.841396,34.430515,-119.841708,34.424979,-119.8398345
15237,,SBA,,SANTA BARBARA,CA,34.433333,-119.83333,13,119.7,33L,345,13,NA,NA,NA,34.419446,-119.83796,34.419376,-119.838274,34.430579,-119.841396,34.430515,-119.841708,34.424979,-119.8398345
15237,,SBA,,SANTA BARBARA,CA,34.433333,-119.83333,13,119.7,15L,165,13,NA,NA,NA,34.419688,-119.836838,34.419636,-119.837072,34.430208,-119.84008,34.430158,-119.840311,34.4249225,-119.8385753
15237,,SBA,,SANTA BARBARA,CA,34.433333,-119.83333,13,119.7,33R,345,13,NA,NA,NA,34.419688,-119.836838,34.419636,-119.837072,34.430208,-119.84008,34.430158,-119.840311,34.4249225,-119.8385753
15305,,SMO,,SANTA MONICA,CA,34,-118,177,120.1,3,44,177,4,34.012192,-118.455628,34.020837,-118.445738,34.020545,-118.445397,34.011104,-118.457251,34.010816,-118.456909,34.0158255,-118.4513238
15305,,SMO,,SANTA MONICA,CA,34,-118,177,120.1,12,224,177,4,34.019202,-118.44733,34.020837,-118.445738,34.020545,-118.445397,34.011104,-118.457251,34.010816,-118.456909,34.0158255,-118.4513238
